aa_name,aa_code,hydropathy,charge,pk_r,solubility,molecular_weight,volume,n_atoms,aa_id,hydropathy_index
Arginine,R,0,2,13.2,71.8,174,173.4,26,15,-4.5
Asparagine,N,0,0,-1,2.4,132,114.1,17,12,-3.5
Aspartate,D,0,1,3.65,0.42,133,111.1,16,3,-3.5
Glutamate,E,0,1,4.25,0.72,147,138.4,19,4,-3.5
Glutamine,Q,0,0,-1,2.6,146,143.8,20,14,-3.5
Lysine,K,0,2,10.28,-1,146,168.6,24,9,-3.9
Serine,S,0,0,-1,36.2,105,89.0,14,16,-0.8
Threonine,T,0,0,-1,-1,119,116.1,17,17,-0.7
Cysteine,C,1,0,8.33,-1,121,108.5,14,2,2.5
Histidine,H,1,2,6,4.19,155,153.2,20,7,-3.2
Methionine,M,1,0,-1,5.14,149,162.9,20,11,1.9
Alanine,A,2,0,-1,15.8,89,88.6,13,1,1.8
Valine,V,2,0,-1,5.6,117,140.0,19,18,4.2
Glycine,G,2,0,-1,22.5,75,60.1,10,6,-0.4
Isoleucine,I,2,0,-1,3.36,131,166.7,22,8,4.5
Leucine,L,2,0,-1,2.37,131,166.7,22,10,3.8
Phenylalanine,F,2,0,-1,2.7,165,189.9,23,5,2.8
Proline,P,2,0,-1,1.54,115,112.7,17,13,-1.6
Tryptophan,W,2,0,-1,1.06,204,227.8,27,19,-0.9
Tyrosine,Y,2,0,10.1,0.038,181,193.6,24,20,-1.3